{"cameraMode":{"drawMode":0,"name":"Shaded","section":"Shading Mode"},"sceneLighting":false,"audioPlay":false,"sceneViewState":{"showFog":true,"showMaterialUpdate":false,"showSkybox":false,"showFlares":true,"showImageEffects":true,"showParticleSystems":true},"in2DMode":false,"pivot":{"x":-1.738086223602295,"y":2.5901687145233156,"z":0.030863285064697267},"rotation":{"x":-0.19421535730361939,"y":0.40003544092178347,"z":-0.08714228123426438,"w":-0.8914421200752258},"size":8.570289611816407,"orthographic":false}